{
  "FFlagDebugRCCServerConfigurerEnabled": "True",
  "DFFlagDebugRCCServerConfigurerEnabled": "True",
  "FFlagRCCUseBundledMonitoringScript": "True",
  "DFFlagRCCUseBundledMonitoringScript": "True",
  "FFlagCoreScriptShowVisibleAgeV2": "True",
  "FFlagCoreScriptShowVisibleAge": "True",
  "DFFlagFindFirstChildOfClassEnabled": "True",
  "FFlagStudioCSGAssets": "True",
  "FFlagCSGLoadBlocking": "False",
  "FFlagCSGPhysicsLevelOfDetailEnabled": "True",
  "FFlagFormFactorDeprecated": "False",
  "FFlagFontSmoothScalling": "True",
  "FFlagAlternateFontKerning": "True",
  "FFlagFontSourceSans": "True",
  "FFlagRenderNewFonts": "True",
  "FFlagDMFeatherweightEnabled": "True",
  "FFlagRenderFeatherweightEnabled": "True",
  "FFlagRenderFeatherweightUseGeometryGenerator": "True",
  "FFlagScaleExplosionLifetime": "True",
  "FFlagEnableNonleathalExplosions": "True",
  "DFFlagHttpCurlHandle301": "True",
  "FFlagSearchToolboxByDataModelSearchString": "True",
  "FFlagClientABTestingEnabled": "False",
  "FFlagStudioSmoothTerrainForNewPlaces": "True",
  "FFlagUsePGSSolver": "True",
  "FFlagSimplifyKeyboardInputPath": "False",
  "FFlagNewInGameDevConsole": "True",
  "FFlagTextFieldUTF8": "True",
  "FFlagTypesettersReleaseResources": "True",
  "FFlagLuaBasedBubbleChat": "True",
  "FFlagUseCanManageApiToDetermineConsoleAccess": "False",
  "FFlagConsoleCodeExecutionEnabled": "True",
  "DFFlagCustomEmitterInstanceEnabled": "True",
  "FFlagCustomEmitterRenderEnabled": "True",
  "FFlagCustomEmitterLuaTypesEnabled": "True",
  "FFlagStudioInSyncWebKitAuthentication": "False",
  "FFlagGlowEnabled": "True",
  "FFlagUseNewAppBridgeInputWindows": "False",
  "DFFlagUseNewFullscreenLogic": "True",
  "FFlagRenderMaterialsOnMobile": "True",
  "FFlagMaterialPropertiesEnabled": "True",
  "FFlagSurfaceLightEnabled": "True",
  "FFlagStudioPropertyErrorOutput": "True",
  "DFFlagUseR15Character": "True",
  "DFStringR15CollisionTypeField": "universeAvatarCollisionType",
  "FFlagUserToolR15Fix": true,
  "FFlagEnableReplaceBodyPartR15": true,
  "DFFlagEnableHipHeight": "True",
  "DFFlagUseStarterPlayerCharacter": "True",
  "DFFlagFilteringEnabledDialogFix": "True",
  "FFlagCSGMeshColorToolsEnabled": "True",
  "FFlagStudioEnableGameAnimationsTab": "True",
  "DFFlagScriptExecutionContextApi": "True",
  "FFlagStudioVariableIntellesense": "True",
  "FFlagLuaDebugger": "True",
  "FFlagUseUserListMenu": "True",
  "FFlagEnableSetCoreTopbarEnabled": "True",
  "FFlagPlayerDropDownEnabled": "True",
  "FFlagSetCoreMoveChat": "True",
  "FFlagSetCoreDisableChatBar": "True",
  "FFlagGraphicsGL3": "True",
  "DFFlagUserUseLuaVehicleController": "True",
  "FFlagTextBoxUnicodeAware": "True",
  "FFlagLetLegacyScriptsWork": "True",
  "FFlagDep": "True",
  "DFFlagDisableBackendInsertConnection": "True",
  "FFlagPhysicsAnalyzerEnabled": "True",
  "DFFlagGetGroupsAsyncEnabled": "True",
  "DFFlagGetFocusedTextBoxEnabled": "True",
  "DFFlagTextBoxIsFocusedEnabled": "True",
  "DFFlagGetCharacterAppearanceEnabled": "True",
  "FFlagNewLayoutAndConstraintsEnabled": "True",
  "GoogleAnalyticsAccountPropertyID": "UA-43420590-3",
  "GoogleAnalyticsAccountPropertyIDPlayer": "UA-43420590-14",
  "AllowVideoPreRoll": "True",
  "FLogAsserts": "0",
  "FLogCloseDataModel": "3",
  "CaptureQTStudioCountersEnabled": "True",
  "CaptureMFCStudioCountersEnabled": "True",
  "CaptureCountersIntervalInMinutes": "5",
  "FLogServiceVectorResize": "4",
  "FLogServiceCreation": "4",
  "AxisAdornmentGrabSize": "12",
  "FFlagProcessAllPacketsPerStep": "True",
  "FFlagUS14116": "True",
  "FFlagBlockBlockNarrowPhaseRefactor": "True",
  "FFlagEnableRubberBandSelection": "True",
  "FFlagQtStudioScreenshotEnabled": "True",
  "FFlagFixNoPhysicsGlitchWithGyro": "True",
  "FLogFullRenderObjects": "0",
  "PublishedProjectsPageHeight": "535",
  "PublishedProjectsPageUrl": "/ide/publish",
  "StartPageUrl": "/ide/welcome",
  "FFlagOpenNewWindowsInDefaultBrowser": "True",
  "FFlagOnScreenProfiler": "True",
  "FFlagInitializeNewPlace": "True",
  "PrizeAssetIDs": "",
  "PrizeAwarderURL": "/ostara/boon",
  "MinNumberScriptExecutionsToGetPrize": "500",
  "FFlagDebugCrashEnabled": "True",
  "FLogHangDetection": "3",
  "FFlagCharAnimationStats": "False",
  "FFlagRenderOpenGLForcePOTTextures": "True",
  "FFlagUseNewCameraZoomPath": "True",
  "FFlagQTStudioPublishFailure": "True",
  "ExcludeContactWithInteriorTerrainMinusYFace": "True",
  "FFlagFixUphillClimb": "True",
  "FFlagUseAveragedFloorHeight": "True",
  "PublishedProjectsPageWidth": "950",
  "FFlagRenderFastClusterEverywhere": "True",
  "FLogPlayerShutdownLuaTimeoutSeconds": "1",
  "FFlagQtFixToolDragging": "True",
  "FFlagSelectPartOnUndoRedo": "True",
  "FFlagStatusBarProgress": "True",
  "FFlagStudioCheckForUpgrade": "True",
  "FFlagStudioInsertModelCounterEnabled": "True",
  "FFlagStudioAuthenticationFailureCounterEnabled": "True",
  "FFlagRenderCheckTextureContentProvider": "True",
  "FFlagRenderLightGridEnabled": "True",
  "FFlagStudioLightGridAPIVisible": "True",
  "FFlagBetterSleepingJobErrorComputation": "True",
  "FLogDXVideoMemory": "4",
  "FFlagRenderNoLegacy": "True",
  "FFlagStudioLightGridOnForNewPlaces": "True",
  "FFlagPhysicsSkipRedundantJoinAll": "True",
  "FFlagTerrainOptimizedLoad": "True",
  "FFlagTerrainOptimizedStorage": "True",
  "FFlagTerrainOptimizedCHS": "True",
  "FFlagRenderGLES2": "True",
  "FFlagStudioMacAddressValidationEnabled": "True",
  "FFlagDoNotPassSunkEventsToPlayerMouse": "True",
  "FFlagQtAutoSave": "True",
  "FFlagRenderLoopExplicit": "True",
  "FFlagStudioUseBinaryFormatForPlay": "True",
  "FFlagPhysicsRemoveWorldAssemble_US16512": "True",
  "FFlagNativeSafeChatRendering": "True",
  "FFlagRenderNewMegaCluster": "True",
  "FFlagAutoJumpForTouchDevices": "True",
  "FLogOutlineBrightnessMin": "50",
  "FLogOutlineBrightnessMax": "160",
  "FLogOutlineThickness": "40",
  "FFlagDE5511FixEnabled": "True",
  "FFlagDE4423Fixed": "True",
  "FFlagSymmetricContact": "True",
  "FFlagLocalMD5": "True",
  "FFlagStudioCookieParsingDisabled": "False",
  "FFlagLastWakeTimeSleepingJobError": "True",
  "FFlagPhysicsAllowAutoJointsWithSmallParts_DE6056": "True",
  "FFlagPhysicsLockGroupDraggerHitPointOntoSurface_DE6174": "True",
  "FFlagOutlineControlEnabled": "True",
  "FFlagAllowCommentedScriptSigs": "True",
  "FFlagDataModelUseBinaryFormatForSave": "True",
  "FFlagStudioUseBinaryFormatForSave": "True",
  "FFlagDebugAdornableCrash": "True",
  "FFlagOverlayDataModelEnabled": "True",
  "DFFlagFixInstanceParentDesyncBug": "True",
  "FFlagPromoteAssemblyModifications": "False",
  "DFFlagCreateHumanoidRootNode": "True",
  "FFlagStudioCookieDesegregation": "True",
  "FFlagResponsiveJump": "True",
  "FFlagGoogleAnalyticsTrackingEnabled": "True",
  "FFlagNoCollideLadderFilter": "True",
  "FFlagFlexibleTipping": "True",
  "FFlagUseStrongerBalancer": "True",
  "FFlagClampControllerVelocityMag": "True",
  "DFFlagUseSaferChatMetadataLoading": "True",
  "FFlagSinkActiveGuiObjectMouseEvents": "False",
  "FLogLuaBridge": "2",
  "DFFlagPromoteAssemblyModifications": "True",
  "FFlagDeferredContacts": "True",
  "FFlagFRMUse60FPSLockstepTable": "True",
  "FFlagFRMAdjustForMultiCore": "True",
  "FFlagPhysics60HZ": "True",
  "FFlagQtRightClickContextMenu": "True",
  "FFlagUseTopmostSettingToBringWindowToFront": "True",
  "FFlagNewLightAPI": "True",
  "FFlagRenderLightGridShadows": "True",
  "FFlagRenderLightGridShadowsSmooth": "True",
  "DFFlagSanitizeKeyframeUrl": "True",
  "DFFlagDisableGetKeyframeSequence": "False",
  "FFlagCreateServerScriptServiceInStudio": "True",
  "FFlagCreateServerStorageInStudio": "True",
  "FFlagCreateReplicatedStorageInStudio": "True",
  "FFlagFilterEmoteChat": "True",
  "DFFlagUseCharacterRootforCameraTarget": "True",
  "FFlagImageRectEnabled": "True",
  "FFlagNewWaterMaterialEnable": "True",
  "DFFlagUserHttpAPIEnabled": "True",
  "DFIntUserHttpAccessUserId0": "0",
  "FFlagUserHttpAPIVisible": "True",
  "FFlagCameraChangeHistory": "True",
  "FFlagDE4640Fixed": "True",
  "FFlagShowStreamingEnabledProp": "True",
  "FFlagOptimizedDragger": "True",
  "FFlagRenderNewMaterials": "True",
  "FFlagRenderAnisotropy": "True",
  "FFlagStudioInitializeViewOnPaint": "True",
  "DFFlagPartsStreamingEnabled": "True",
  "FFlagStudioLuaDebugger": "True",
  "FFlagStudioLocalSpaceDragger": "True",
  "FFlagGuiRotationEnabled": "True",
  "FFlagDataStoreEnabled": "True",
  "DFFlagDisableTeleportConfirmation": "True",
  "DFFlagAllowTeleportFromServer": "True",
  "DFFlagNonBlockingTeleport": "True",
  "FFlagD3D9CrashOnError": "False",
  "FFlagRibbonBarEnabled": "True",
  "SFFlagInfiniteTerrain": "True",
  "FFlagStudioScriptBlockAutocomplete": "True",
  "FFlagRenderFixAnchoredLag": "True",
  "DFFlagAllowAllUsersToUseHttpService": "True",
  "GoogleAnalyticsAccountPropertyIDClient": "",
  "FFlagSurfaceGuiVisible": "True",
  "FFlagStudioIntellesenseEnabled": "True",
  "FFlagAsyncPostMachineInfo": "True",
  "FFlagModuleScriptsVisible": "True",
  "FFlagModelPluginsEnabled": "True",
  "FFlagGetUserIdFromPluginEnabled": "True",
  "FFlagStudioPluginUIActionEnabled": "True",
  "DFFlagRemoveAdornFromBucketInDtor": "True",
  "FFlagRapidJSONEnabled": "True",
  "DFFlagDE6959Fixed": "True",
  "DFFlagScopedMutexOnJSONParser": "True",
  "FFlagSupressNavOnTextBoxFocus": "True",
  "DFFlagExplicitPostContentType": "True",
  "DFFlagAddPlaceIdToAnimationRequests": "True",
  "FFlagCreatePlaceEnabled": "True",
  "DFFlagClientAdditionalPOSTHeaders": "True",
  "FFlagEnableAnimationExport": "True",
  "DFFlagAnimationAllowProdUrls": "True",
  "FFlagGetUserIDFromPluginEnabled": "True",
  "FFlagStudioContextualHelpEnabled": "True",
  "FFlagLogServiceEnabled": "True",
  "FFlagQtPlaySoloOptimization": "True",
  "FFlagStudioBuildGui": "True",
  "DFFlagListenForZVectorChanges": "True",
  "DFFlagUserInputServiceProcessOnRender": "True",
  "FFlagDE7421Fixed": "True",
  "FFlagStudioExplorerActionsEnabledInScriptView": "True",
  "FFlagHumanoidNetworkOptEnabled": "False",
  "DFFlagEnableNPCServerAnimation": "True",
  "DFFlagDataStoreUseUForGlobalDataStore": "True",
  "DFFlagDataStoreAllowedForEveryone": "True",
  "DFFlagBadTypeOnConnectErrorEnabled": "True",
  "FFlagStudioRemoveUpdateUIThread": "True",
  "FFlagPhysicsSkipUnnecessaryContactCreation": "False",
  "FFlagUseNewHumanoidCache": "True",
  "FFlagSecureReceiptsBackendEnabled": "True",
  "FFlagOrderedDataStoreEnabled": "True",
  "FFlagStudioLuaDebuggerGA": "True",
  "FFlagNPSSetScriptDocsReadOnly": "True",
  "FFlagRDBGHashStringComparison": "True",
  "FFlagStudioDebuggerVisitDescendants": "True",
  "FFlagDeprecateScriptInfoService": "True",
  "FFlagIntellisenseScriptContextDatamodelSearchingEnabled": "True",
  "FFlagSecureReceiptsFrontendEnabled": "True",
  "DFFlagCreatePlaceEnabledForEveryone": "True",
  "FFlagCreatePlaceInPlayerInventoryEnabled": "True",
  "DFFlagAddRequestIdToDeveloperProductPurchases": "True",
  "DFFlagUseYPCallInsteadOfPCallEnabled": "True",
  "FFlagStudioMouseOffsetFixEnabled": "True",
  "DFFlagPlaceValidation": "True",
  "FFlagReconstructAssetUrl": "True",
  "FFlagUseNewSoundEngine": "True",
  "FIntMinMillisecondLengthForLongSoundChannel": "5000",
  "FFlagStudioHideInsertedServices": "True",
  "FFlagStudioAlwaysSetActionEnabledState": "True",
  "FFlagRenderNew": "True",
  "FIntRenderNewPercentWin": "100",
  "FIntRenderNewPercentMac": "100",
  "FLogGraphics": "6",
  "DFFlagDisallowHopperServerScriptReplication": "True",
  "FFlagInterpolationFix": "False",
  "FFlagHeartbeatAt60Hz": "False",
  "DFFlagFixProcessReceiptValueTypes": "True",
  "DFFlagPhysicsSkipUnnecessaryContactCreation": "True",
  "FFlagStudioLiveCoding": "True",
  "FFlagPlayerHumanoidStep60Hz": "True",
  "DFFlagCrispFilteringEnabled": "False",
  "SFFlagProtocolSynchronization": "True",
  "FFlagUserInputServicePipelineStudio": "True",
  "FFlagUserInputServicePipelineWindowsClient": "True",
  "FFlagUserInputServicePipelineMacClient": "True",
  "FFlagStudioKeyboardMouseConfig": "True",
  "DFFlagLogServiceEnabled": "True",
  "DFFlagLoadAnimationsThroughInsertService": "True",
  "FFlagFRMFogEnabled": "True",
  "FLogBrowserActivity": "3",
  "DFFlagPhysicsPacketAlwaysUseCurrentTime": "True",
  "FFlagFixedStudioRotateTool": "True",
  "FFlagRibbonBarEnabledGA": "True",
  "FFlagRenderSafeChat": "False",
  "DFFlagPhysicsAllowSimRadiusToDecreaseToOne": "True",
  "DFFlagPhysicsAggressiveSimRadiusReduction": "True",
  "DFFlagLuaYieldErrorNoResumeEnabled": "True",
  "DFFlagEnableJointCache": "False",
  "DFFlagOnCloseTimeoutEnabled": "True",
  "FFlagStudioQuickInsertEnabled": "True",
  "FFlagStudioPropertiesRespectCollisionToggle": "True",
  "FFlagTweenServiceUsesRenderStep": "True",
  "FFlagUseNewSoundEngine3dFix": "True",
  "FFlagDebugUseDefaultGlobalSettings": "True",
  "FFlagStudioMiddleMouseTrackCamera": "False",
  "FFlagTurnOffiOSNativeControls": "True",
  "DFFlagUseNewHumanoidHealthGui": "True",
  "DFFlagLoggingConsoleEnabled": "True",
  "DFFlagAllowModuleLoadingFromAssetId": "True",
  "FFlagStudioZoomExtentsExplorerFixEnabled": "True",
  "FFlagLuaDebuggerBreakOnError": "True",
  "FFlagRetentionTrackingEnabled": "True",
  "FFlagShowAlmostAllItemsInExplorer": "True",
  "FFlagStudioFindInAllScriptsEnabled": "True",
  "FFlagImprovedNameOcclusion": "True",
  "FFlagHumanoidMoveToDefaultValueEnabled": "True",
  "FFlagEnableDisplayDistances": "True",
  "FFlagUseMinMaxZoomDistance": "True",
  "SFFlagAllowPhysicsPacketCompression": "False",
  "FFlagStudioOneClickColorPickerEnabled": "True",
  "DFFlagHumanoidMoveToDefaultValueEnabled": "True",
  "VideoPreRollWaitTimeSeconds": "45",
  "FFlagBalancingRateLimit": "True",
  "FFlagLadderCheckRate": "True",
  "FFlagStateSpecificAutoJump": "True",
  "SFFlagOneWaySimRadiusReplication": "True",
  "DFFlagApiDictionaryCompression": "True",
  "SFFlagPathBasedPartMovement": "True",
  "FFlagEnsureInputIsCorrectState": "False",
  "DFFlagLuaLoadStringStrictSecurity": "True",
  "DFFlagCrossPacketCompression": "True",
  "FFlagWorkspaceLoadStringEnabledHidden": "True",
  "FFlagStudioPasteAsSiblingEnabled": "True",
  "FFlagStudioDuplicateActionEnabled": "True",
  "FFlagPreventInterpolationOnCFrameChange": "True",
  "FLogNetworkPacketsReceive": "5",
  "FFlagPlayPauseFix": "True",
  "DFFlagCrashOnNetworkPacketError": "False",
  "FFlagHumanoidStateInterfaces": "True",
  "FFlagRenderDownloadAssets": "True",
  "FFlagBreakOnErrorConfirmationDialog": "True",
  "FFlagStudioAnalyticsEnabled": "True",
  "FFlagAutoRotateFlag": "True",
  "DFFlagUseImprovedLadderClimb": "True",
  "FFlagUseCameraOffset": "True",
  "FFlagRenderBlobShadows": "True",
  "DFFlagWebParserDisableInstances": "False",
  "FFlagStudioNewWiki": "True",
  "DFFlagLogPacketErrorDetails": "False",
  "FFlagLimitHorizontalDragForce": "True",
  "DFFlagCreateSeatWeldOnServer": "True",
  "FFlagGraphicsUseRetina": "True",
  "FFlagDynamicEnvmapEnabled": "True",
  "DFFlagDeferredTouchReplication": "True",
  "DFFlagCreatePlayerGuiEarlier": "True",
  "DFFlagProjectileOwnershipOptimization": "True",
  "DFFlagLoadSourceForCoreScriptsBeforeInserting": "False",
  "GoogleAnalyticsLoadStudio": "1",
  "DFFlagTaskSchedulerFindJobOpt": "True",
  "SFFlagPreventInterpolationOnCFrameChange": "True",
  "DFIntNumPhysicsPacketsPerStep": "2",
  "DFFlagDataStoreUrlEncodingEnabled": "True",
  "FFlagShowWebPlaceNameOnTabWhenOpeningFromWeb": "True",
  "DFFlagTrackTimesScriptLoadedFromLinkedSource": "True",
  "FFlagToggleDevConsoleThroughChatCommandEnabled": "True",
  "FFlagEnableFullMonitorsResolution": "True",
  "DFFlagAlwaysUseHumanoidMass": "True",
  "DFFlagUseStrongerGroundControl": "True",
  "DFFlagCorrectlyReportSpeedOnRunStart": "True",
  "FFlagLuaDebuggerImprovedToolTip": "True",
  "FFlagLuaDebuggerPopulateFuncName": "True",
  "FFlagLuaDebuggerNewCodeFlow": "True",
  "DFFlagValidateCharacterAppearanceUrl": "false",
  "FFlagStudioQuickAccessCustomization": "True",
  "DFFlagTaskSchedulerUpdateJobPriorityOnWake": "True",
  "DFFlagTaskSchedulerNotUpdateErrorOnPreStep": "True",
  "FFlagWikiSelectionSearch": "True",
  "DFIntTaskSchedularBatchErrorCalcFPS": "1200",
  "FFlagSuppressNavOnTextBoxFocus": "False",
  "FFlagEnabledMouseIconStack": "True",
  "DFFlagFastClone": "True",
  "DFFlagLuaNoTailCalls": "True",
  "DFFlagFilterStreamingProps": "True",
  "DFFlagNetworkOwnerOptEnabled": "True",
  "DFFlagPathfindingEnabled": "True",
  "FFlagEnableiOSSettingsLeave": "True",
  "FFlagUseFollowCamera": "True",
  "FFlagDefaultToFollowCameraOnTouch": "True",
  "DFFlagAllowMoveToInMouseLookMove": "True",
  "DFFlagAllowHumanoidDecalTransparency": "True",
  "DFFlagSupportCsrfHeaders": "True",
  "DFFlagConfigureInsertServiceFromSettings": "True",
  "FFlagPathfindingClientComputeEnabled": "True",
  "DFFlagLuaResumeSupportsCeeCalls": "True",
  "DFFlagPhysicsSenderErrorCalcOpt": "True",
  "DFFlagClearPlayerReceivingServerLogsOnLeave": "True",
  "DFFlagConsoleCodeExecutionEnabled": "True",
  "DFFlagCSGDictionaryReplication": "True",
  "FFlagCSGToolsEnabled": "True",
  "FFlagCSGDictionaryServiceEnabled": "True",
  "FFlagCSGMeshRenderEnable": "True",
  "FFlagCSGChangeHistory": "True",
  "FFlagCSGMeshColorEnable": "True",
  "FFlagCSGScaleEnabled": "True",
  "FFlagCylinderUsesConstantTessellation": "True",
  "FFlagStudioDraggersScaleFixes": "True",
  "FFlagCSGDecalsEnabled": "True",
  "FFlagCSGMigrateChildData": "True",
  "SFFlagBinaryStringReplicationFix": "True",
  "FFlagHummanoidScaleEnable": "True",
  "FFlagStudioDataModelIsStudioFix": "True",
  "DFFlagWebParserEnforceASCIIEnabled": "True",
  "DFFlagScriptDefaultSourceIsEmpty": "True",
  "FFlagFixCaptureFocusInput": "True",
  "FFlagFireUserInputServiceEventsAfterDMEvents": "True",
  "FFlagVectorErrorOnNilArithmetic": "True",
  "DFFlagUseImageColor": "True",
  "FFlagStopNoPhysicsStrafe": "True",
  "DFFlagDebugLogNetworkErrorToDB": "False",
  "FFlagLowQMaterialsEnable": "True",
  "FFLagEnableFullMonitorsResolution": "True",
  "FFlagStudioChildProcessCleanEnabled": "True",
  "DFFlagAllowFullModelsWhenLoadingModules": "True",
  "DFFlagRealWinInetHttpCacheBypassingEnabled": "True",
  "FFlagNewUniverseInfoEndpointEnabled": "True",
  "FFlagGameExplorerEnabled": "True",
  "FFlagStudioUseBinaryFormatForModelPublish": "True",
  "FFlagGraphicsFeatureLvlStatsEnable": "True",
  "FFlagStudioEnableWebKitPlugins": "True",
  "DFFlagSendHumanoidTouchedSignal": "True",
  "DFFlagReduceHumanoidBounce": "True",
  "DFFlagUseNewSounds": "True",
  "FFlagFixHumanoidRootPartCollision": "True",
  "FFlagEnableAndroidMenuLeave": "True",
  "FFlagOnlyProcessGestureEventsWhenSunk": "True",
  "FFlagAdServiceReportImpressions": "True",
  "FFlagStudioUseExtendedHTTPTimeout": "True",
  "FFlagStudioSeparateActionByActivationMethod": "False",
  "DFFlagPhysicsSenderThrottleBasedOnBufferHealth": "True",
  "DFFlagGetGroupInfoEnabled": "True",
  "DFFlagGetGroupRelationsEnabled": "True",
  "SFFlagTopRepContSync": "True",
  "FFlagStudioUseBinaryFormatForModelSave": "True",
  "EnableFullMonitorsResolution": "True",
  "DFFlagRenderSteppedServerExceptionEnabled": "True",
  "FFlagUseWindowSizeFromGameSettings": "True",
  "DFFlagCheckStudioApiAccess": "True",
  "FFlagGameExplorerPublishEnabled": "True",
  "DFFlagKeepXmlIdsBetweenLoads": "True",
  "DFFlagReadXmlCDataEnabled": "True",
  "FFlagStudioRemoveToolSounds": "True",
  "FFlagStudioOneStudGridDefault": "True",
  "FFlagStudioPartSymmetricByDefault": "True",
  "FFlagStudioIncreasedBaseplateSize": "True",
  "FFlagSkipSilentAudioOps": "True",
  "SFFlagGuid64Bit": "False",
  "FIntValidateLauncherPercent": "100",
  "FFlagCSGDataLossFixEnabled": "True",
  "DFStringRobloxAnalyticsURL": "http://analytics.calvyy.xyz/",
  "DFFlagRobloxAnalyticsTrackingEnabled": "True",
  "FFlagStudioOpenLastSaved": "False",
  "FFlagStudioShowTutorialsByDefault": "True",
  "FFlagStudioForceToolboxSize": "True",
  "FFlagStudioExplorerDisabledByDefault": "True",
  "FFlagStudioDefaultWidgetSizeChangesEnabled": "True",
  "FFlagStudioUseScriptAnalyzer": "True",
  "FFlagNoClimbPeople": "True",
  "DFFlagAnimationFormatAssetId": "True",
  "FFlagGetCorrectScreenResolutionFaster": "True",
  "DFFlagFixTouchEndedReporting": "False",
  "FFlagStudioTeleportPlaySolo": "True",
  "FFlagStudioDE7928FixEnabled": "True",
  "FFlagDE8768FixEnabled": "True",
  "FFlagStudioDE9108FixEnabled": "True",
  "FFlagStudioPlaySoloMapDebuggerData": "True",
  "FFlagLuaDebuggerCloneDebugger": "True",
  "FFlagRenderLightgridInPerformEnable": "True",
  "SFFlagStateBasedAnimationReplication": "True",
  "FFlagVolumeControlInGameEnabled": "True",
  "FFlagGameConfigurerUseStatsService": "True",
  "FFlagStudioUseHttpAuthentication": "True",
  "FFlagDetectTemplatesWhenSettingUpGameExplorerEnabled": "True",
  "FFlagEntityNameEditingEnabled": "True",
  "FFlagNewCreatePlaceFlowEnabled": "True",
  "FFlagFakePlayableDevices": "False",
  "FFlagMutePreRollSoundService": "True",
  "DFFlagBodyMoverParentingFix": "True",
  "DFFlagBroadcastServerOnAllInterfaces": "True",
  "HttpUseCurlPercentageWinClient": "100",
  "HttpUseCurlPercentageMacClient": "100",
  "HttpUseCurlPercentageWinStudio": "100",
  "HttpUseCurlPercentageMacStudio": "100",
  "SFFlagReplicatedFirstEnabled": "True",
  "DFFlagCSGShrinkForMargin": "True",
  "FFlagPhysicsBulletConnectorPointRecalc": "True",
  "DFIntBulletContactBreakThresholdPercent": "200",
  "DFIntBulletContactBreakOrthogonalThresholdPercent": "200",
  "FFlagPhysicsBulletConnectorMatching": "True",
  "FFlagPhysicsBulletUseProximityMatching": "False",
  "FFlagPhysicsCSGUsesBullet": "True",
  "DFFlagCSGPhysicsDeserializeRefactor": "True",
  "FFlagWedgeEnableDecalOnTop": "True",
  "FFlagFrustumTestGUI": "True",
  "FFlagFeatureLvlsDX11BeforeDeviceCreate": "True",
  "FFlagStudioPasteSyncEnabled": "True",
  "FFlagResetMouseCursorOnToolUnequip": "True",
  "DFFlagUpdateCameraTarget": "True",
  "DFFlagFixGhostClimb": "True",
  "DFFlagUseStarterPlayer": "True",
  "FFlagStudioFindCrashFixEnabled": "True",
  "FFlagFixPartOffset": "True",
  "DFFlagLuaCloseUpvalues": "True",
  "FFlagRenderTextureCompositorUseBudgetForSize": "True",
  "FFlagAllowOutOfBoxAssets": "False",
  "FFlagRemoveTintingWhenActiveIsFalseOnImageButton": "True",
  "FFlagStudioModuleScriptDefaultContents": "True",
  "FFlagStudioHomeKeyChangeEnabled": "True",
  "FFlagStudioOpenStartPageForLogin": "True",
  "FFlagStudioNativeKeepSavedChanges": "True",
  "FFlagSerializeCurrentlyOpenPlaceWhenPublishingGame": "True",
  "FFlagGameNameLabelEnabled": "True",
  "FFlagStudioValidateBootstrapper": "True",
  "FFlagRakNetReadFast": "True",
  "DFFlagPhysicsSenderSleepingUpdate": "True",
  "FFlagUseShortShingles": "True",
  "FFlagKKTChecks": "False",
  "DFFlagUseApiProxyThrottling": "True",
  "DFFlagValidateSetCharacter": "True",
  "DFFlagUpdateHumanoidSimBodyInComputeForce": "True",
  "DFFlagNetworkPendingItemsPreserveTimestamp": "True",
  "FFlagStudioCSGRotationalFix": "True",
  "FFlagNewLoadingScreen": "True",
  "FFlagScrollingFrameOverridesButtonsOnTouch": "True",
  "DFFlagStreamLargeAudioFiles": "True",
  "DFFlagNewLuaChatScript": "True",
  "DFFlagLoopedDefaultHumanoidAnimation": "True",
  "FFlagSoundsRespectDelayedStop": "False",
  "DFFlagCSGPhysicsErrorCatchingEnabled": "True",
  "DFFlagFireStoppedAnimSignal": "True",
  "FFlagStudioFixToolboxReload": "True",
  "FFlagCSGDecalsV2": "True",
  "FFlagLocalOptimizer": "True",
  "DFFlagClearFailedUrlsWhenClearingCacheEnabled": "True",
  "DFFlagSupportNamedAssetsShortcutUrl": "True",
  "DFFlagUseW3CURIParser": "True",
  "DFFlagContentProviderHttpCaching": "True",
  "FFlagNoWallClimb": "False",
  "FFlagSmoothMouseLock": "False",
  "DFFlagCSGPhysicsNanPrevention": "True",
  "FFlagStudioDE9818FixEnabled": "True",
  "FFlagGameExplorerImagesEnabled": "True",
  "FFlagStudioInsertOrientationFix": "True",
  "FFlagStudioTabOrderingEnabled": "True",
  "FFlagFramerateDeviationDroppedReport": "True",
  "FFlagModuleScriptsPerVmEnabled": "False",
  "FFlagGameExplorerImagesInsertEnabled": "True",
  "FFlagTexturePropertyWidgetEnabled": "True",
  "FFlagReloadAllImagesOnDataReload": "True",
  "FFlagModuleScriptsPerVmEnabledFix2": "True",
  "DFFlagFixBufferZoneContainsCheck": "False",
  "FFlagStudioPlaceAssetFromToolbox": "True",
  "FFlagChannelMasterMuting": "True",
  "FFlagStudioUseDelayedSyntaxCheck": "True",
  "FFlagStudioCommandLineSaveEditText": "True",
  "FFlagStudioAddHelpInContextMenu": "True",
  "DFIntHttpCacheCleanMinFilesRequired": "10000",
  "DFIntHttpCacheCleanMaxFilesToKeep": "7500",
  "FFlagCSGVoxelizer": "True",
  "DFFlagCheckApiAccessInTransactionProcessing": "True",
  "FFlagBindPurchaseValidateCallbackInMarketplaceService": "True",
  "FFlagSetDataModelUniverseIdAfterPublishing": "True",
  "FFlagOpenScriptWorksOnModulesEnabled": "True",
  "FFlagStudioRibbonBarNewLayout": "True",
  "FFlagStudioRibbonBarLayoutFixes": "True",
  "FFlagStudioPlaceOnlineIndicator": "True",
  "FFlagRenderWangTiles": "True",
  "FFlagDisableBadUrl": "True",
  "FFlagPrimalSolverLogBarrierIP": "True",
  "FFlagDualSolverSimplex": "True",
  "FFlagPrimalSolverSimplex": "True",
  "FIntNumSmoothingPasses": "3",
  "FFlagVerifyConnection": "True",
  "FIntRegLambda": "1400",
  "FFlagScriptAnalyzerPlaceholder": "True",
  "FFlagCSGStripPublishedData": "True",
  "DFFlagRaycastReturnSurfaceNormal": "True",
  "FFlagMoveGameExplorerActionsIntoContextMenu": "True",
  "FFlagStudioAdvanceCookieExpirationBugFixEnabled": "True",
  "FFlagNewBackpackScript": "True",
  "FFlagNewPlayerListScript": "True",
  "FFlagGameNameAtTopOfExplorer": "False",
  "FFlagStudioActActionsAsTools": "True",
  "FFlagStudioInsertAtMouseClick": "True",
  "FFlagStopLoadingStockSounds": "True",
  "DFFlagFixTimePositionReplication": "True",
  "DFFlagHttpReportStatistics": "True",
  "DFFlagEnableChatTestingInStudio": "True",
  "DFIntHttpSendStatsEveryXSeconds": "300",
  "FLogStepAnimatedJoints": "5",
  "DFFlagLuaDisconnectFailingSlots": "False",
  "DFFlagEnsureSoundPosIsUpdated": "True",
  "DFFlagLoadStarterGearEarlier": "False",
  "DFFlagBlockUsersInLuaChat": "True",
  "FFlagRibbonPartInsertNotAllowedInModel": "True",
  "DFFlagUsePlayerScripts": "True",
  "DFFlagUserAccessUserSettings": "True",
  "DFFlagUseLuaCameraAndControl": "True",
  "DFFlagUseLuaPCInput": "True",
  "DFFlagFixLuaMoveDirection": "True",
  "DFFlagUseDecalLocalTransparencyModifier": "True",
  "DFFlagUseFolder": "True",
  "DFFlagUsePreferredSpawnInPlaySoloTeleport": "True",
  "DFFlagFilterAddSelectionToSameDataModel": "False",
  "FFlagGameExplorerAutofillImageNameFromFileName": "True",
  "FFlagGameExplorerBulkImageUpload": "True",
  "FFlagStudioAllowAudioSettings": "True",
  "DFFlagUsePlayerInGroupLuaChat": "True",
  "FFlagStudioDecalPasteFix": "True",
  "FFlagStudioCtrlTabDocSwitchEnabled": "True",
  "DFIntDraggerMaxMovePercent": "60",
  "FFlagUseUniverseGetInfoCallToDetermineUniverseAccess": "True",
  "FFlagMaxFriendsCount": "True",
  "DFIntPercentApiRequestsRecordGoogleAnalytics": "0",
  "FFlagSelectSpinlock": "True",
  "FFlagFastZlibPath": "True",
  "DFFlagWriteXmlCDataEnabled": "True",
  "DFFlagUseSpawnPointOrientation": "True",
  "DFFlagUsePlayerSpawnPoint": "True",
  "DFFlagCSGPhysicsRecalculateBadContactsInConnectors": "True",
  "FFlagStudioPartAlignmentChangeEnabled": "True",
  "FFlagStudioToolBoxModelDragFix": "True",
  "DFFlagOrder66": "False",
  "FFlagCloudIconFixEnabled": "True",
  "DFFlagFixHealthReplication": "True",
  "DFFlagReplicateAnimationSpeed": "True",
  "FFlagLuaFollowers": "True",
  "FFlagNewNotificationsScript": "True",
  "FFlagStudioSendMouseIdleToPluginMouse": "True",
  "DFFlagPhysicsOptimizeAssemblyHistory": "True",
  "DFFlagPhysicsOptimizeBallBallContact": "True",
  "DFFlagUseNewBubbleSkin": "True",
  "DFFlagUse9FrameBackgroundTransparency": "True",
  "DFFlagCheckForHeadHit": "False",
  "DFFlagUseHttpsForAllCalls": "False",
  "DFFlagLoadCoreModules": "True",
  "FFlagStudioRecentSavesEnabled": "True",
  "FFlagStudioToolBoxInsertUseRayTrace": "True",
  "FFlagInterpolationUseWightedDelay": "True",
  "FFlagUseInGameTopBar": "True",
  "FFlagNewPurchaseScript": "True",
  "FFlagStudioEnableGamepadSupport": "True",
  "FFlagStudioRemoveDuplicateParts": "True",
  "FFlagStudioLaunchDecalToolAfterDrag": "True",
  "DFFlagHumanoidFloorPVUpdateSignal": "True",
  "DFFlagHumanoidFloorDetectTeleport": "True",
  "DFFlagHumanoidFloorForceBufferZone": "False",
  "DFFlagHumanoidFloorManualDeltaUpdateManagment": "True",
  "DFFlagHumanoidFloorManualFrictionLimitation": "True",
  "DFFlagUpdateHumanoidNameAndHealth": "True",
  "DFFlagEnableHumanoidDisplayDistances": "True",
  "FFlagFixTouchInputEventStates": "False",
  "DFFlagInterpolationTimingFix": "True",
  "FIntRenderGBufferMinQLvl": "16",
  "FFlagResizeGuiOnStep": "True",
  "FFlagDontFireFakeMouseEventsOnUIS": "True",
  "FFlagCameraUseOwnViewport": "True",
  "FFlagGameExplorerMoveImagesUnderAssetsGroup": "True",
  "DFFlagNetworkFilterAllowToolWelds": "True",
  "DFIntHttpInfluxHundredthsPercentage": "5",
  "DFStringHttpInfluxURL": "http://influx.calvyy.xyz",
  "DFStringHttpInfluxDatabase": "main",
  "DFStringHttpInfluxUser": "user",
  "DFStringHttpInfluxPassword": "password",
  "FFlagStudioSpawnLocationsDefaultValues": "True",
  "FFlagStudioDE11536FixEnabled": "True",
  "FFlagStudioRibbonGroupResizeFixEnabled": "True",
  "FFlagGradientStep": "True",
  "FFlagUseNewContentProvider": "False",
  "SFFlagEquipToolOnClient": "True",
  "FFlagStartWindowMaximizedDefault": "True",
  "FFlagUseNewKeyboardHandling": "True",
  "FFlagCameraZoomNoModifier": "True",
  "DFFlagRemoteValidateSubscribersError": "True",
  "FFlagNewMenuSettingsScript": "True",
  "DFFlagHttpCurlSanitizeUrl": "True",
  "DFFlagRemoveDataModelDependenceInWaitForChild": "True",
  "FFlagFilterAddSelectionToSameDataModel": "True",
  "DFFlagUseCanManageApiToDetermineConsoleAccess": "True",
  "DFIntMoveInGameChatToTopPlaceId": "1",
  "FFlagStudioProgressIndicatorForInsertEnabled": "True",
  "FFlagTerrainLazyGrid": "True",
  "FFlagHintsRenderInUserGuiRect": "True",
  "FFlagCallSetFocusFromCorrectThread": "True",
  "FFlagFastRevert": "True",
  "FFlagSleepBeforeSpinlock": "True",
  "FFlagSparseCheckFastFail": "True",
  "FFlagStudioSmoothTerrainPlugin": "True",
  "FFlagStudioLoadPluginsLate": "True",
  "FFlagStudioInsertIntoStarterPack": "True",
  "FFlagStudioIgnoreSSLErrors": "True",
  "DFFlagFixJointReparentingDE11763": "True",
  "DFFlagPhysicsInvalidateContactCache": "True",
  "FFlagLuaMathNoise": "True",
  "FFlagArcHandlesBidirectional": "True",
  "FFlagChangeHistoryFixPendingChanges": "True",
  "DFFlagWorkspaceSkipTerrainRaycastForSurfaceGui": "True",
  "FFlagStudioBatchItemMapAddChild": "True",
  "FFlagRenderCameraFocusFix": "True",
  "DFFlagReplicatorWorkspaceProperties": "True",
  "FFlagDirectX11Enable": "True",
  "FFlagCheckDegenerateCases": "True",
  "DFFlagUseServerCoreScripts": "True",
  "DFFlagCorrectFloorNormal": "True",
  "FFlagNewBadgeServiceUrlEnabled": "True",
  "FFlagBubbleChatbarDocksAtTop": "True",
  "FFlagSmoothTerrainClient": "True",
  "FFlagLuaUseBuiltinEqForEnum": "True",
  "FFlagPlaceLauncherThreadCheckDmClosed": "True",
  "DFFlagAppendTrackerIdToTeleportUrl": "True",
  "FFlagPlayerMouseRespectGuiOffset": "True",
  "DFFlagReportElevatedPhysicsFPSToGA": "True",
  "DFFlagPreventReturnOfElevatedPhysicsFPS": "True",
  "FFlagStudioIgnoreMouseMoveOnIdle": "True",
  "FFlagStudioDraggerFixes": "True",
  "FLogUseLuaMemoryPool": "0",
  "FFlagCSGNewTriangulate": "True",
  "DFFlagLuaFixResumeWaiting": "True",
  "FFlagFRMInStudio": "True",
  "DFFlagFixLadderClimbSpeed": "True",
  "DFFlagNoWalkAnimWeld": "False",
  "DFFlagImprovedKick": "True",
  "FFlagRenderFixLightGridDirty": "True",
  "FFlagLoadLinkedScriptsOnDataModelLoad": "True",
  "FFlagFixMeshOffset": "True",
  "FIntLaunchInfluxHundredthsPercentage": "0",
  "DFIntJoinInfluxHundredthsPercentage": "100",
  "FFlagSmoothTerrain": "True",
  "FFlagNewVehicleHud": "True",
  "DFFlagHumanoidStandOnSeatDestroyed": "True",
  "DFFlagGuiBase3dReplicateColor3WithBrickColor": "True",
  "FFlagTaskSchedulerCyclicExecutiveStudio": "True",
  "DFIntElevatedPhysicsFPSReportThresholdTenths": "585",
  "DFIntExpireMarketPlaceServiceCacheSeconds": "60",
  "DFFlagEnableMarketPlaceServiceCaching": "True",
  "DFFlagUseNewAnalyticsApi": "True",
  "DFFlagSmoothTerrainDebounceUpdates": "True",
  "FFlagStudioAuthenticationCleanup": "True",
  "FFlagRenderFixGBufferLOD": "True",
  "FFlagStudioDraggerCrashFixEnabled": "True",
  "FFlagDraggerCrashFixEnabled": "True",
  "DFFlagEnableRapidJSONParser": "True",
  "DFFlagPushLuaWorldRayOriginToNearClipPlane": "True",
  "FFlagLoadTimeModificationTestFlag": "True",
  "DFFlagPhysicsFastSmoothTerrainUpdate": "True",
  "DFFlagSmoothTerrainPhysicsExpandPrimitiveOptimal": "True",
  "DFFlagFixBytesOnJoinReporting": "True",
  "FFlagRenderGBufferEverywhere": "False",
  "DFFlagSmoothTerrainPhysicsRayAabbExact": "True",
  "DFIntSmoothTerrainPhysicsRayAabbSlop": "1",
  "DFIntMaxClusterKBPerSecond": "300",
  "FLogLuaAssert": "0",
  "FFlagSmoothTerrainCountCellVolume": "True",
  "DFFlagSmoothTerrainWorldToCellUseDiagonals": "True",
  "DFFlagFireSelectionChangeOncePerChange": "True",
  "FIntLuaAssertCrash": "0",
  "FFlagRenderFixCameraFocus": "False",
  "DFFlagCSGPhysicsSphereRotationIdentity": "True",
  "DFFlagCSGPhysicsRefreshContactsManually": "True",
  "FFlagStudioUndoEnabledForEdit": "True",
  "DFIntLuaChatFloodCheckMessages": "7",
  "DFIntLuaChatFloodCheckInterval": "15",
  "FFlagLuaChatFiltering": "True",
  "FFlagMobileToggleChatVisibleIcon": "True",
  "FFlagStudioDE9132FixEnabled": "True",
  "DFFlagGetUserIdEnabled": "True",
  "DFFlagGetUserNameEnabled": "True",
  "DFFlagEnableAnimationInformationAccess": "True",
  "DFFlagEnableAnimationTrackExtendedAPI": "True",
  "FFlagRequestServerStatsV2Enabled": "True",
  "FFlagPhysicsPreventGroupDraggerPlacementToMinus400_DE6267": "True",
  "FFlagSpecificUserdataTypeErrors": "True",
  "DFFlagScrollingFrameDraggingFix": "True",
  "FFlagAutodetectCPU": "True",
  "DFFlagSetRenderedFrameOnClumpChanged": "True",
  "DFFlagDisableTimeoutDuringJoin": "True",
  "DFFlagDesiredAltitudeDefaultInf": "True",
  "DFFlagRCCDE13316CrashFix": "True",
  "DFFlagUseStarterPlayerGA": "True",
  "FFlagScrollingFrameMouseUpFix": "True",
  "DFFlagDebrisServiceUseDestroy": "True",
  "DFFlagAccessUserFeatureSetting": "True",
  "DFFlagAllowBindActivate": "True",
  "FFlagEnableControllerGuiSelection": "True",
  "FFlagUseNewSoftwareMouseRender": "True",
  "DFFlagDoNotHoldTagItemsForInitialData": "True",
  "FFlagAltSpinlock": "True",
  "FFlagSpinlock": "True",
  "FFlagGraphicsGLReduceLatency": "True",
  "DFFlagMovingHumananoidWakesFloor": "True",
  "DFFlagSetNetworkOwnerAPIEnabled": "True",
  "DFFlagSetNetworkOwnerAPIEnabledV2": "True",
  "DFFlagGetFriendsEnabled": "True",
  "DFFlagGetFriendsOnlineEnabled": "True",
  "DFFlagUseNewTextBoxLogic": "True",
  "FFlagOnScreenProfilerGPU": "True",
  "FFlagConfigurableLineThickness": "True",
  "DFFlagSpawnPointEnableProperty": "True",
  "DFFlagConfigurableFallenPartDestroyHeight": "True",
  "DFFlagMiddleMouseButtonEvent": "True",
  "DFFlagEnablePreloadAsync": "True",
  "DFFlagFoldersInGUIs": "True",
  "DFIntAndroidInfluxHundredthsPercentage": "0",
  "DFFlagNoOwnershipLogicOnKernelJoint": "True",
  "DFFlagEnableGetPlayingAnimationTracks": "True",
  "FFlagCyclicExecutivePriorityJobs": "True",
  "DFIntMaxMissedWorldStepsRemembered": "16",
  "DFIntMacInfluxHundredthsPercentage": "0",
  "DFIntiOSInfluxHundredthsPercentage": "100",
  "FFlagStudioLockServiceParents": "True",
  "DFFlagFirePlayerAddedAndPlayerRemovingOnClient": "True",
  "DFFlagRecursiveWakeForBodyMovers": "True",
  "DFFlagEnableHumanoidSetStateEnabled": "True",
  "DFFlagSoundEndedEnabled": "True",
  "DFFlagUseIntersectingOthersForSpawnEnabled": "True",
  "DFFlagMoveToDontAlignToGrid": "True",
  "DFFlagIsBestFriendsWithReturnFriendsWith": "True",
  "DFFlagPlayerOwnsAssetFalseForInvalidUsers": "True",
  "DFFlagIsUrlCheckAssetStringLength": "True",
  "DFFlagEnableGoodbyeDialog": "True",
  "DFFlagEnableReverseAnimations": "True",
  "DFFlagEnableAnimationSetTimePosition": "True",
  "DFFlagEnableMobileAutoJumpFlag": "True",
  "DFFlagHttpDelaySendInfluxStats": "True",
  "DFFlagDisableRequestMarker": "True",
  "DFFlagDisableCharacterRequest": "True",
  "FFlagStudioCollapsibleTutorials": "True",
  "FStringStudioTutorialsUrl": "http://wiki.roblox.com/index.php?title=Studio_Tutorials_Test&studiomode=true",
  "FStringStudioTutorialsTOCUrl": "http://wiki.roblox.com/index.php?title=Studio_Tutorials_Landing&studiomode=true",
  "FFlagSandboxHash": "True",
  "FFlagDE14316CrashFix": "True",
  "FFlagDE14317CrashFix": "True",
  "DFFlagSetNetworkOwnerCanSetCheck": "True",
  "DFFlagLiveColorUpdatesCanceling": "True",
  "DFFlagLuaGcPerVm": "True",
  "FFlagStudioDeviceEmulationTouchInputFix": "True",
  "FFlagTaskSchedulerCyclicExecutive": "True",
  "DFFlagMakeWebPendingFriendRequests": "True",
  "DFFlagGetLastestAssetVersionEnabled": "True",
  "FFlagHideDeprecatedEnums": "True",
  "FFlagSubmitEditedColor3WhenFocusLost": "True",
  "DFFlagFixScriptableCameraRoll": "True",
  "DFFlagSeparateBulletNarrowPhaseAndMidStepUpdates": "True",
  "DFFlagUsePGSSolverSpringConstantScale": "True",
  "DFFlagToolRequiresHandleProperty": "True",
  "FFlagPlayerScriptsNotArchivable": "True",
  "DFFlagClearAllChildrenUseDestroy": "True",
  "DFFlagMaxPlayersEnabled": "True",
  "DFFlagPreferredPlayersEnabled": "True",
  "DFFlagLocalHumanoidSoundsEnabled": "True",
  "DFFlagIncreaseSoundPositionClampLimit": "True",
  "DFFlagNameOcculsionIgnoreTransparent": "True",
  "DFFlagReconstructAssetUrlNew": "True",
  "DFFlagAdjustFloorForce": "True",
  "DFFlagFixAnimationPhaseInitialization": "True",
  "FFlagLuaChatPhoneFontSize": "True",
  "DFFlagUseAssetTypeHeader": "True",
  "FFlagCSGUnionCatchUnknownExceptions": "False",
  "FIntGamePerfMonitorPercentage": "10",
  "FFlagSoundTypeCheck": "True",
  "DFFlagIncreaseScrollWheelMultiplyTime": "True",
  "FFlagMacRemoveUserInputJob": "True",
  "FFlagStudioNewFonts": "True",
  "DFFlagApiCapitalizationChanges": "True",
  "FFlagParticleCullFix": "True",
  "DFFlagVideoCaptureTeleportFix": "False",
  "DFFlagCoreGuiCustomizationApi": "True",
  "DFFlagCustomTeleportLoadingScreen": "True",
  "DFFlagCharacterAppearanceLoadedEnabled": "True",
  "DFFlagVIPServerOwnerIdEnabled": "True",
  "DFFlagEnableParticleVelocityInheritance": "True",
  "DFFlagEnableParticleEmissionDirection": "True",
  "DFFlagFixParticleDistribution": "True",
  "DFFlagEnableParticleNewBoundingBox": "True",
  "DFFlagEnableParticlePartLock": "True",
  "DFFlagEnableParticleBurst": "True",
  "DFFlagNoRunSteepSlope": "True",
  "DFFlagHumanoidJumpPower": "True",
  "FFlagControllerMenu": "True",
  "FFlagFlyCamOnRenderStep": "True",
  "DFFlagFullscreenEnabledWhileRecording": "True",
  "DFFlagPreProcessTextBoxEvents": "True",
  "DFFlagAllowHideHudShortcut": "False",
  "DFFlagFixBallInsideBlockCollision": "True",
  "FFlagPGSSolverBodyCacheLeakFix": "True",
  "FFlagFixCrashAtShutdown": "True",
  "DFFlagEquipClonedToolFix": "True",
  "FFlagGamepadCursorChanges": "True",
  "DFFlagCreatePlayerGuiLocal": "False",
  "DFFlagDontUseInsertServiceOnAnimLoad": "True",
  "DFFlagCyclicExecutiveFixNonCyclicJobRun": "True",
  "DFFlagPhysicsFPSTimerFix": "True",
  "FFlagCyclicExecutiveRenderJobRunsFirst": "True",
  "FFlagPhysicsCylinders": "True",
  "DFFlagPhysicsUseNewBulletContact": "True",
  "FFlagReadCoordinateFrameFast": "False",
  "DFFlagRayHitMaterial": "True",
  "DFFlagPromptPurchaseOnGuestHandledInCoreScript": "True",
  "DFFlagNonEmptyPcallError": "True",
  "DFFlagDisplayTextBoxTextWhileTypingMobile": "False",
  "DFFlagOverrideScollingDisabledWhenRecalulateNeeded": "True",
  "DFFlagFixScrollingOffSurfaceGUIs": "True",
  "DFFlagTextScaleDontWrapInWords": "True",
  "DFFlagListenPositionEnabled": "True",
  "DFFlagBackTabInputInStudio": "True",
  "DFFlagTrackLastDownGUI": "True",
  "DFFlagBulletFixCacheReuse": "True",
  "DFFlagFastFilterHumanoidParts": "False",
  "DFFlagProcessAcceleratorsBeforeGUINaviagtion": "True",
  "DFFlagImageFailedToLoadContext": "True",
  "DFFlagDontReorderScreenGuisWhenDescendantRemoving": "True",
  "DFFlagSoundFailedToLoadContext": "True",
  "DFFlagAnimationFailedToLoadContext": "True",
  "DFFlagElasticEasingUseTwoPi": "True",
  "SFFlagNetworkUseServerScope": "True",
  "DFFlagHttpZeroLatencyCaching": "True",
  "DFFlagPasteWithCapsLockOn": "True",
  "DFFlagHttpCurlDomainTrimmingWithBaseURL": "False",
  "DFFlagLoadFileUseRegularHttp": "True",
  "DFFlagReplicatorCheckBadRebinding": "True",
  "FFlagFastClusterThrottleUpdateWaiting": "True",
  "DFFlagDeserializePacketThreadEnabled": "True",
  "FFlagFontSizeUseLargest": "True",
  "DFFlagRejectHashesInLinkedSource": "True",
  "FFlagUpdatePrimitiveStateForceSleep": "True",
  "FFlagPhysicsUseKDTreeForCSG": "True",
  "DFFlagCSGLeftoverDataFix": "True",
  "FFlagStudioTutorialSeeAll": "True",
  "DFFlagLimitScrollWheelMaxToHalfWindowSize": "True",
  "FFlagGameExplorerCopyPath": "True",
  "DFFlagFixRotatedHorizontalScrollBar": "True",
  "DFFlagFixAnchoredSeatingPosition": "True",
  "FFlagFixSlice9Scale": "True",
  "DFFlagFullscreenRefocusingFix": "True",
  "DFFlagEnableClimbingDirection": "True",
  "FFlagPGSGlueJoint": "True",
  "FFlagTweenCallbacksDuringRenderStep": "True",
  "FFlagFRMFixCullFlicker": "True",
  "DFFlagDisableProcessPacketsJobReschedule": "True",
  "FFlagCSGVoxelizerPrecompute": "False",
  "FFlagLazyRenderingCoordinateFrame": "True",
  "FFlagPGSSteppingMotorFix": "True",
  "DFFlagLockViolationScriptCrash": "False",
  "DFFlagLockViolationInstanceCrash": "False",
  "FFlagSpheresAllowedCustom": "True",
  "DFFlagHumanoidCookieRecursive": "True",
  "FFlagRwxFailReport": "True",
  "FIntStudioInsertDeletionCheckTimeMS": "30000",
  "DFFlagClampRocketThrustOnPGS": "True",
  "DFFlagPGSWakePrimitivesWithBodyMoverPropertyChanges": "True",
  "FFlagPGSUsesConstraintBasedBodyMovers": "True",
  "FFlagUseNewSubdomainsInCoreScripts": "True",
  "DFFlagEnableShowStatsLua": "True",
  "FFlagSmoothTerrainPacked": "True",
  "DFFlagUrlReconstructToAssetGame": "False",
  "FFlagPGSApplyImpulsesAtMidpoints": "True",
  "FFlagModifyDefaultMaterialProperties": "True",
  "FIntPhysicalPropFriction_SMOOTH_PLASTIC_MATERIAL": "200",
  "FIntPhysicalPropFriction_PLASTIC_MATERIAL": "300",
  "FIntPhysicalPropFriction_NEON_MATERIAL": "300",
  "FIntPhysicalPropFriction_SNOW_MATERIAL": "300",
  "FIntPhysicalPropFriction_ALUMINUM_MATERIAL": "400",
  "FIntPhysicalPropFriction_BRICK_MATERIAL": "800",
  "FIntPhysicalPropFriction_CONCRETE_MATERIAL": "700",
  "FIntPhysicalPropFriction_DIAMONDPLATE_MATERIAL": "350",
  "FIntPhysicalPropFriction_SANDSTONE_MATERIAL": "500",
  "FIntPhysicalPropFriction_SAND_MATERIAL": "500",
  "FIntPhysicalPropFWeight_ICE_MATERIAL": "3000",
  "FIntPhysicalPropFWeight_BRICK_MATERIAL": "300",
  "FIntPhysicalPropFWeight_CONCRETE_MATERIAL": "300",
  "FIntPhysicalPropFWeight_SANDSTONE_MATERIAL": "5000",
  "FIntPhysicalPropFWeight_BASALT_MATERIAL": "300",
  "FIntPhysicalPropFWeight_SAND_MATERIAL": "5000",
  "FIntPhysicalPropElasticity_SAND_MATERIAL": "50",
  "FIntPhysicalPropElasticity_SNOW_MATERIAL": "30",
  "FIntPhysicalPropElasticity_MUD_MATERIAL": "70",
  "FIntPhysicalPropElasticity_GROUND_MATERIAL": "100",
  "FIntPhysicalPropElasticity_MARBLE_MATERIAL": "170",
  "FIntPhysicalPropElasticity_BRICK_MATERIAL": "150",
  "FIntPhysicalPropElasticity_PEBBLE_MATERIAL": "170",
  "FIntPhysicalPropElasticity_COBBLESTONE_MATERIAL": "170",
  "FIntPhysicalPropElasticity_ROCK_MATERIAL": "170",
  "FIntPhysicalPropElasticity_SANDSTONE_MATERIAL": "150",
  "FIntPhysicalPropElasticity_BASALT_MATERIAL": "150",
  "FIntPhysicalPropElasticity_CRACKED_LAVA_MATERIAL": "150",
  "FIntPhysicalPropElasticity_FABRIC_MATERIAL": "50",
  "FIntPhysicalPropElasticity_WOOD_MATERIAL": "200",
  "FIntPhysicalPropElasticity_WOODPLANKS_MATERIAL": "200",
  "FIntPhysicalPropElasticity_ICE_MATERIAL": "150",
  "FIntPhysicalPropElasticity_GLACIER_MATERIAL": "150",
  "FIntPhysicalPropElasticity_RUST_MATERIAL": "200",
  "FIntPhysicalPropElasticity_DIAMONDPLATE_MATERIAL": "250",
  "FIntPhysicalPropElasticity_ALUMINUM_MATERIAL": "250",
  "FIntPhysicalPropElasticity_METAL_MATERIAL": "250",
  "FIntPhysicalPropElasticity_GRASS_MATERIAL": "100",
  "DFFlagFixSeatingWhileSitting": "True",
  "FFlagPGSSolverDefaultOnNewPlaces": "True",
  "FFlagPGSVariablePenetrationMargin": "False",
  "FIntPGSPentrationMarginMax": "50000",
  "FFlagStudioHideMouseCoursorOnCommand": "True",
  "SFFlagNewPhysicalPropertiesForcedOnAll": "True",
  "SFFlagMaterialPropertiesNewIsDefault": "True",
  "DFFlagMaterialPropertiesEnabled": "True",
  "FFlagWaterParams": "True",
  "FFlagSpatialHashMoreRoots": "True",
  "FFlagSkipAdornIfWorldIsNull": "True",
  "DFStringWorkspaceMessageLink": "http://devforum.roblox.com/t/improving-the-safety-of-our-community/33201",
  "DFStringWorkspaceMessageText": "Click here to read an important message about improving the safety of our community",
  "DFIntStudioWorkspaceNotificationLevel": "0",
  "DFFlagNetworkOwnershipRuleReplicates": "True",
  "DFFlagSmoothTerrainWriteVoxelsOccupancyFix": "True",
  "DFFlagCloudEditByPassCheckForServer": "True",
  "DFFlagDraggerUsesNewPartOnDuplicate": "True",
  "DFFlagRestoreTransparencyOnToolChange": "False",
  "FFlagEnableLuaFollowers": "False",
  "DFFlagUserServerFollowers": "True",
  "FFlagNetworkReplicateTerrainProperties": "True",
  "FFlagAllowInsertFreeModels": "False",
  "FFlagInsertUnderFolder": "True",
  "DFFlagPGSWakeOtherAssemblyForJoints": "True",
  "FFlagStudioPropertySliderEnabled": "True",
  "DFFlagSetNetworkOwnerFixAnchoring": "True",
  "FFlagFixBulletGJKOptimization": "True",
  "FFlagOSXUseSDL": "False",
  "DFFlagPhysicalPropMassCalcOnJoin": "False",
  "DFFlagBrickColorParseNonDeprecatedMatchEnabled": "True",
  "FFlagWindowsUseSDL": "False",
  "FFlagPhysicsOptimizeSendClumpChanged": "True",
  "DFFlagHumanoidFeetIsPlastic": "True",
  "DFFlagUseTerrainCustomPhysicalProperties": "True",
  "DFFlagFormFactorDeprecated": "True",
  "FFlagPGSVariablePenetrationMarginFix": "True",
  "DFIntDataStoreMaxValueSize": "262144",
  "DFFlagFixShapeChangeBug": "True",
  "FFlagScriptAnalyzerFixLocalScope": "True",
  "FFlagRenderVRBBGUI": "True",
  "FFlagRenderVR": "True",
  "DFFlagNetworkFixJoinDataItemOrder": "True",
  "FFlagStudioImproveModelDragFidelity": "True",
  "FFlagStudioOrthonormalizeSafeRotate": "True",
  "FFlagMacInferredCrashReporting": "True",
  "FFlagWindowsInferredCrashReporting": "True",
  "FFlagCloudEditDoNotLoadCoreScripts": "True",
  "FFlagStudioEmbeddedFindDialogEnabled": "True",
  "FFlagUserAllCamerasInLua": "False",
  "DFFlagMacInferredCrashReporting": "True",
  "DFFlagWindowsInferredCrashReporting": "True",
  "FFlagUseNewPromptEndHandling": "True",
  "FFlagPhysPropConstructFromMaterial": "True",
  "FFlagStudioToolboxModelDragToCastPoint": "True",
  "FFlagStudioPushTreeWidgetUpdatesToMainThread": "True",
  "DFFlagFixYieldThrottling": "True",
  "FFlagCheckSleepOptimization": "True",
  "DFFlagContactManagerOptimizedQueryExtents": "True",
  "FFlagUseBuildGenericGameUrl": "True",
  "DFFlagFixFallenPartsNotDeleted": "True",
  "DFFlagTrackPhysicalPropertiesGA": "True",
  "DFFlagSetNetworkOwnerFixAnchoring2": "True",
  "FFlagUseSimpleRapidJson": "True",
  "DFFlagTurnOffFakeEventsForCAS": "True",
  "DFFlagTurnOffFakeEventsForInputEvents": "True",
  "FFlagCancelPendingTextureLoads": "False",
  "DFFlagCachedPoseInitialized": "True",
  "DFFlagFixJumpGracePeriod": "True",
  "FFlagFilterSinglePass": "True",
  "DFFlagOrthonormalizeJointCoords": "True",
  "DFFlagPhysicsSenderUseOwnerTimestamp": "False",
  "DFFlagNamesOccludedAsDefault": "True",
  "FFlagUserUseNewControlScript": "True",
  "FFlagUseDynamicTypesetterUTF8": "True",
  "DFFlagUseNewPersistenceSubdomain": "True",
  "DFFlagUseNewDataStoreLogging": "True",
  "FFlagPlaceLauncherUsePOST": "False",
  "FFlagStudioUpdateSAResultsInUIThread": "True",
  "FFlagBillboardGuiVR": "True",
  "FFlagHumanoidRenderBillboard": "True",
  "FLogVR": "6",
  "FFlagStudioRemoveDebuggerResumeLock": "True",
  "FFlagAnalyzerGroupUIEnabled": "True",
  "DFFlagVariableHeartbeat": "True",
  "DFFlagScreenShotDuplicationFix": "True",
  "FFlagCSGDelayParentingOperationToEnd": "True",
  "FFlagStudioTreeWidgetCheckDeletingFlagWhenDoingUpdates": "True",
  "DFFlagUseComSiftUpdatedWebChatFilterParamsAndHeader": "False",
  "DFFlagConstructModerationFilterTextParamsAndHeadersUseLegacyFilterParams": "False",
  "FFlagMinMaxDistanceEnabled": "True",
  "FFlagRollOffModeEnabled": "True",
  "DFFlagGetLocalTeleportData": "True",
  "FFlagUseNewXboxLoginFlow": "True",
  "DFFlagFixSlowLadderClimb": "True",
  "DFFlagHumanoidCheckForNegatives": "True",
  "DFFlagFixMatrixToAxisAngle": "True",
  "DFFlagMaskWeightCleared": "True",
  "DFFlagUseStarterPlayerCharacterScripts": "True",
  "DFFlagUseStarterPlayerHumanoid": "True",
  "DFFlagAccessoriesAndAttachments": "True",
  "FFlagTeamCreateOptimizeRemoteSelection": "True",
  "FFlagReportInGameAssetSales": "True",
  "FFlagFilterDoublePass": "False",
  "DFFlagRaiseSendPriority": "False",
  "FFlagUsePreferredSoundDevice": "True",
  "FFlagRenderLowLatencyLoop": "False",
  "DFFlagLocalScriptSpawnPartAlwaysSetOwner": "True",
  "DFFlagCloudEditSupportImmediatePublish": "True",
  "FFlagFixSurfaceGuiGamepadNav": "True",
  "DFFlagEnableAdColony": "False",
  "FFlagEnableAdServiceVideoAds": "False",
  "DFFlagInfluxDb09Enabled": "True",
  "DFFlagTeleportSignalConnectOnServiceProvider": "True",
  "DFFlagScriptContextGuardAgainstCStackOverflow": "True",
  "FFlagFixPhysicalPropertiesComponentSet": "True",
  "DFFlagMaterialPropertiesDivideByZeroWeights": "True",
  "FFlagRemoveUnusedPhysicsSenders": "True",
  "FFlagRemoveInterpolationReciever": "True",
  "DFFlagActivatePGSMechanicalJoints": "True",
  "FIntPhysicalPropDensity_ALUMINUM_MATERIAL": "2700",
  "FFlagTreatCloudEditAsEditGameMode": "True",
  "FFlagSendFilteredExceptionOnInferredStep": "True",
  "DFFlagUrlReconstructToAssetGameSecure": "False",
  "DFFlagUseModerationFilterTextV2": "True",
  "FFlagGraphicsD3D10": "True",
  "FFlagRenderFixFog": "True",
  "FFlagUseNewAppBridgeWindows": "True",
  "DFFlagNullCheckJointStepWithNullPrim": "True",
  "FFlagJNIEnvScopeOptimization": "True",
  "DFFlagSanitizeLoadingGUICorrected": "True",
  "FFlagSendLegacyMachineConfigInfo": "False",
  "FFlagUseNewBadgesCreatePage": "True",
  "FFlagRetryWhenCloudEditEnabledEndpointFails": "True",
  "DFFlagTeamCreateDoNotReplicateShowDevGuiProp": "True",
  "FFlagStudioAddBackoffToNotificationsReconnects": "True",
  "DFFlagInsertServiceForceLocalInTeamCreate": "True",
  "FFlagGraphicsMacFix": "True",
  "FFlagUseNewAppBridgeOSX": "True",
  "FFlagNewColor3Functions": "True",
  "DFFlagSmootherVehicleSeatControlSystem": "True",
  "FFlagGameExplorerUseV2AliasEndpoint": "True",
  "FFlagDisableAbortRender": "True",
  "DFFlagInstancePredeleteNuke": "True",
  "DFFlagSimpleHermiteSplineInterpolate": "False",
  "DFFlagCleanUpInterpolationTimestamps": "True",
  "SFFlagPhysicsPacketSendWorldStepTimestamp": "True",
  "DFFlagUpdateTimeOnDelayedSamples": "False",
  "DFFlagDisableMovementHistory": "True",
  "DFFlagLookForDuplicateCoordinateFrameInBuffer": "True",
  "DFFlagDoNotForwardClientTimestamp": "True",
  "DFFlagZeroVelocityOnDelayedSamples": "True",
  "DFFlagUpdateHermiteLastFrameWhenUpdatePrevFrame": "True",
  "DFFlagCatchThrottledVelocityComponents": "True",
  "DFIntThrottledVelocityThresholdTenths": "15",
  "DFFlagShowFormFactorDeprecatedWarning": "False",
  "FFlagStudioTeamCreateWebChatBackendEnabled": "True",
  "DFFlagAnimationEasingStylesEnabled": "True",
  "FFlagUseVRKeyboardInLua": "True",
  "DFFlagCheckDataModelOnTeleportRetry": "True",
  "DFStringHttpInfluxWriterPassword": "faster1Play",
  "DFFlagOptimizeAnimator": "True",
  "FFlagOptimizeAnimatorCalcJoints": "True",
  "DFFlagStopUsingMaskWeight": "True",
  "FFlagRenderNoDepthLast": "True",
  "DFFlagFixTimeStampsForRunningNoThrottle": "True",
  "DFIntInterpolationDelayFactorTenths": "10",
  "DFFlagUseHermiteSplineInterpolation": "True",
  "DFFlagChatServiceFilterStringForPlayerFromAndToStudioBypass": "True",
  "FFlagCameraInterpolateMethodEnhancement": "False",
  "DFFlagBlendPosesWithIsOver": "True",
  "FFlagRestrictSales": "True",
  "FFlagBadTypeOnPcallEnabled": "True",
  "FFlagFixMouseFireOnEmulatingTouch": "True",
  "FFlagUseUpdatedSyntaxHighlighting": "True",
  "FFlagFixStickyDragBelowOrigin": "True",
  "FFlagFixBadMemoryOnStreamingGarbageCollection": "True",
  "DFFlagFixAllCharacterStreaming": "True",
  "FFlagDisableChangedServiceInTestMode": "True",
  "FFlagAllowFullColorSequences": "True",
  "FFlagStudioAllowFullColorSequences": "True",
  "DFFlagDynamicGravity": "True",
  "FFlagUseNewAppBridgeAndroid": "True",
  "FFlagFixSurfaceGuiGazeSelect": "True",
  "FFlagFixAlwaysOnTopSurfaceGuiInput": "True",
  "DFFlagCSGPreventCrashesWhenPartOperationsNotInDataModel": "True",
  "DFFlagUsePointsNewBatchingImpl": "True",
  "FFlagUseUpdatedKeyboardSettings": "False",
  "DFFlagFixAnimationControllerAnimator": "True",
  "DFFlagNoAnimationTrackState": "True",
  "DFFlagFixNestedAnimators": "True",
  "DFFlagWaitForToolHandleToEquip": "True",
  "DFFlagUseNewFetchFriendsFunction": "True",
  "FFlagWindowsNoDmpRetry": "False",
  "FFlagDeleteLogsOnMac": "True",
  "FFlagDeleteLogsByDate": "True",
  "FFlagTestMenuEnabledOnAllWindows": "True",
  "FFlagSoundServiceGameConfigurerConfigureRunServiceRun": "True",
  "DFFlagDoUpdateStepDetachedChannels": "True",
  "FFlagSoundChannelMaxDistanceStopFMODChannel": "True",
  "FFlagRenderSoftParticles": "True",
  "FFlagScriptContextSinglePendingThreadsQueue": "False",
  "DFIntTeleportExceptionInfluxHundredthsPercentage": "9000",
  "FIntStartupInfluxHundredthsPercentage": "100",
  "FFlagCSGAllowUnorderedProperties": "False",
  "DFFlagGamepadProcessMouseEvents": "False",
  "DFFlagCrashTouchTransmitterIfRefDtor": "False",
  "FFlagRenderUserGuiIn3DSpace": "True",
  "FFlagScreenGuisClipDescendants": "True",
  "FFlagUseNewNotificationPathLua": "True",
  "FFlagVideoDocumentationPluginEnabled": "True",
  "FFlagStudioBreakOnInfiniteLoops": "True",
  "FFlagMessageOnLoadScriptValidationFail": "True",
  "FFlagStudioMockPurchasesEnabled": "True",
  "FFlagStudioUseMarketplaceApiClient": "True",
  "DFFlagUseGameAvatarTypeEnum": "False",
  "FFlagStudioUsePlaySoloConfigurer": "True",
  "DFFlagUseAvatarFetchAPI": "False",
  "DFFlagSetHumanoidRegardlessOfNetworkOwnership": "True",
  "FFlagFixStudioCursorJitter": "True",
  "FFlagVoxelCompressedStorage": "True",
  "FFlagSmoothTerrainLODEnabled": "True",
  "FFlagBetterTabManagement": "True",
  "DFFlagBlockCustomHttpHeaders": "False",
  "FFlagStudioInsertAtTopCenterOfSelection": "True",
  "DFFlagCloudEditRemoveEditorOnPlayerRemove": "True",
  "FFlagWaitForChildTimeOut": "True",
  "FFlagDeviceEmulationStatistics": "True",
  "FFlagFixBoxSelectWithCtrl": "True",
  "FFlagStudioTrimPropertyWhitespace": "True",
  "FFlagDebugCSGExportFailure": "False",
  "FFlagFixCrashOnEmptyTextOnAutoComplete": "True",
  "FFlagCancelInputOnGuiNavigation": "True",
  "FFlagRemoveOldAnalyticsImplementation": "True",
  "FFlagRemoveOldCountersImplementation": "True",
  "FFlagUseNewAppBridgeStudio": "True",
  "FFlagStudioAnalyticsRefactoring": "True",
  "DFFlagRCCUseMarketplaceApiClient": "False",
  "FFlagStudioIntellesenseOnAllMembersEnabled": "True",
  "DFFlagDataStoreDisableReFetchingRecentKeys": "True",
  "FFlagNewDefaultScriptSource": "True",
  "FFlagStudioEnableDebuggerPerfImprovements": "True",
  "FFlagRecordForceStereo": "True",
  "FFlagStudioVideoRecordFix": "True",
  "FFlagStudioUseHttpsForUserInfo": "False",
  "FFlagUseHttpsForGameserverAshx": "False",
  "FFlagDisableScriptContextScriptsDisabled": "True",
  "DFFlagDuplicateInstanceReferenceFix": "True",
  "FFlagRakNetSupportIpV6": "False",
  "FFlagUseToStringN": "True",
  "FFlagStudioRenderRemotePlayerSelection": "True",
  "FFlagStackTraceLinks": "True",
  "FFlagStudioUpdateRestoreBehavior": "True",
  "FFlagTouchTransmitterWeakPtr": "True",
  "FFlagAdvancedRCCLoadFMODRetry": "True",
  "FFlagAdvancedRCCLoadFMODReportDeviceInfo": "True",
  "FFlagAdvancedRCCLoadFMODAttemptReportDeviceInfoOnFailure": "True",
  "FFlagClientLoadFMODReportDeviceInfo": "True",
  "DFIntReportDeviceInfoRate": "100",
  "DFFlagSoundV2LogOnSetSoundId": "True",
  "FFlagMouseUseUserInputServiceMouse": "True",
  "SFFlagSoundChannelUseV2Implementation": "True",
  "SFFlagUseNewSetFMOD3D": "True",
  "FFlagCSGReportSuccessFailure": "True",
  "FFlagUseAvatarFetchThumbnailLogic": "True",
  "FFlagDoIncrementalLoadingForR6AvatarFetch": "True",
  "FFlagUseAvatarFetchAPI": "True",
  "FFlagUseGameAvatarTypeEnum": "True",
  "FFlagSmoothTerrainLODFalseCoarseNeighbor": "True",
  "FFlagStudioPublishToRobloxActionUXAlwaysAvailable": "True",
  "FFlagFixArraysNotUnmarkedFromCyclicTableDetection": "True",
  "FFlagSoundIgnoreReplicatorJoinDataItemCache": "True",
  "FFlagStudioReportCachedRecentActions": "True",
  "FFlagStudioCacheRecentAction": "True",
  "FFlagRenderMeshReturnsCorrectly": "False",
  "FFlagEnableRenderCSGTrianglesDebug": "False",
  "FFlagStudioBreakOnInfiniteLoopsThreadingFixEnabled": "True",
  "SFFlagNetworkStreamRotationAsFloat": "False",
  "DFFlagStarterGuiMethodsWarnServer": "True",
  "DFFlagStarterGuiPropertiesReplicate": "True",
  "DFFlagClickDetectorReplicate": "True",
  "FFlagTeleportDetailedInfluxHttpStatusError": "True",
  "DFFlagHttpStatusCodeErrorIncludeBody": "True",
  "FFlagEnableVoiceASR": "False",
  "DFFlagFMODSetAccurateTime": "True",
  "FFlagRenderFixGuiOrder": "True",
  "FFlagExplosionsVisiblePropertyEnabled": "True",
  "FFlagEnableVoiceRecording": "False",
  "FFlagStudioReopenClosedTabsShortcut": "True",
  "FFlagStudioShowNotSavingScriptEditsOnce": "True",
  "FFlagHttpCurlCacheHandles": "True",
  "DFFlagAvatarFetchCanLoadCharacterAppearanceFix": "True",
  "FFlagGraphicsTextureCommitChanges": "False",
  "DFFlagLoadInstancesAsyncUseDataModelTasks": "False",
  "DFFlagInfluxOverUDP": "True",
  "FFlagUseLegacyEnumItemLookup": "True",
  "DFFlagInfluxOverTCP": "False",
  "DFFlagCFrameRightAndUpVectors": "True",
  "DFFlagLegacyBodyColorsOnCharacterLoadFailure": "True",
  "DFFlagUseMeshPartR15": "True",
  "FFlagStudioFixLockingScriptDisablesMenuOptions": "True",
  "FFlagUseCorrectDoppler": "True",
  "DFFlagFixJumpRequestOnLand": "True",
  "DFFlagNullStarterCharacterPrimaryPartFix": "True",
  "SFFlagR15CompositingEnabled": "True",
  "FFlagStudioFixPropertiesWindowScrollBarNotShowing": "True",
  "FFlagFixCollisionFidelityTeamCreate": "True",
  "DFFlagSendHttpBodyOnFailure": "True",
  "DFFlagCSGPreventNoContextCSGCrashes": "False",
  "FFlagConstraintPropertyReplicationRaceConditionFixEnabled": "True",
  "FFlagFixLogCulling": "True",
  "FFlagSmoothTerrainLODFixSeams": "True",
  "DFFlagDontCacheHumanoids": "True",
  "FFlagStudioPlaySoloConfigurerLegacyPlayerName": "True",
  "DFFlagPartForRegion3NoMaxLimit": "True",
  "FFlagRCCSupportTeamTest": "True",
  "FFlagStudioSupportBytecodeDeserialize": "True",
  "DFFlagStackTraceHasNewLines": "True",
  "DFFlagCleanCacheMoveMutex": "True",
  "FFlagFastFontMeasure": "False",
  "FFlagRenderMoreFonts": "True",
  "FFlagCleanFilteringEnabledLocalSpawnParts": "True",
  "FFlagFetchJoinScriptWithHttp": "False",
  "FFlagCheckPlayerProcessMutexCreation": "True",
  "FFlagCheckRegisterSoundChannelUniqueness": "True",
  "FFlagUseCommonModules": "True",
  "DFFlagRemoteFixDisconnectedPlayer": "True",
  "FFlagWarnForLegacyTerrain": "True",
  "FFlagFastClusterDisableReuse": "True",
  "FFlagStudioRespectMeshOffset": "False",
  "DFFlagRevisedClientJoinMetrics": "True",
  "FFlagRestoreScriptSourceWhenRedoingScriptCreation": "True",
  "DFFlagStudioFixPastingDecalsIntoMultiple": "True",
  "FFlagMeshPartMaterialTextureSupport": "True",
  "FFlagStudioPlaySoloCharacterAutoLoadsNullTool": "True",
  "DFFlagPGSWakeOtherIfOneAssemblyIsAwake": "False",
  "DFFlagFixR15BodyPhysics": "True",
  "FFlagLoadCharacterSoundFromCorescriptsRepo": "True",
  "DFFlagSoundV2LoadUseParamContext": "True",
  "DFFlagSoundV2LoadedRunCallbacks": "True",
  "FFlagFixPlayerProcessMutexDeadlock": "True",
  "FFlagImprovedJoinScriptFlow": "True",
  "FFlagRCCLoadFMOD": "True",
  "RCCKickDuplicatePlayersOnJoin": "True",
  "FFlagStudioDeadCodeOnMouseDown": "True",
  "DFFlagFireCharacterAddedAfterSpawn": "False",
  "FFlagChatVisiblePropertyEnabled": "True",
  "FFlagChatLayoutChange": "False",
  "FFlagCorescriptNewLoadChat": "True",
  "DFLogLuaTypeErrors": "4",
  "DFFlagLuaInstanceBridgeNewCamelCaseFixerEnabled": "True",
  "FFlagConstraintUIEnabled": "True",
  "FFlagStudioSetObjectsFromPropertiesWindow": "True",
  "FFlagStudioPromptWhenInsertingConstraints": "True",
  "DFFlagFixExperimentalSolverSetter": "True",
  "DFFlagShowRedForAutoJointsForPartsWithConstraint": "True",
  "FFlagTrackOriginalClientID": "True",
  "FFlagStudioHiddenPropertyCrashFixEnabled": "True",
  "FFlagStudioPropertyChangedSignalHandlerFix": "True",
  "FFlagStudioScriptAnalysisGetOrCreateRefactoring": "True",
  "DFFlagAllowHttpServiceInTeamCreate": "True",
  "DFFlagAllowRequireByAssetIdInTeamCreate": "True",
  "DFFlagLuaSignalCamelCaseAPI": "True",
  "FFlagFixLogManagerWritingToTempDir": "True",
  "FFlagTrackModuleScripts": "True",
  "FFlagUserJumpButtonPositionChange": "True",
  "FFlagLoadCommonModules": "True",
  "FFlagMouseCommandChangedSignalEnabled": "True",
  "DFIntInfluxTattletalePerUserHundredthsPercent": "1",
  "DFIntInfluxTattletalePerEventHundredthsPercent": "2000",
  "DFIntInfluxTattletaleCooldownSeconds": "300",
  "DFFlagSendHttpInfluxDatabaseField": "True",
  "FFlagGraphicsD3D11HandleDeviceRemoved": "True",
  "FFlagFixPlayerProcessMutexDeadlockForReal": "True",
  "FFlagNetworkKeepItemPools": "True",
  "FLogNetworkItemQueueDtor": "1",
  "FFlagFixLoadingScreenAngle": "False",
  "FFlagFixStudioInGamePaste": "True",
  "FFlagStudioSetViewportSizeOfClone": "True",
  "FFlagStudioTreeWidgetPotentialMemoryLeak": "True",
  "FFlagStudioEnableLayersForNSView": "True",
  "FFlagEnableViewportScaling": "True",
  "FFlagStudioDisableScrollingOnEarlyMac": "True",
  "FFlagPerformanceStatsCollectionEnabled": "True",
  "FFlagStudioStopSoundPlaybackAfterRemoval": "True",
  "FFlagStudioAllowSoundDraggingFromToolbox": "True",
  "FFlagStudioRelocateSoundJob": "True",
  "FFlagLuaDebugProfileEnabled": "True",
  "FFlagRemoveSoundServiceSoundDisabledProperty": "True",
  "FFlagRecordInGameDeaths": "False",
  "FFlagStudio3DGridUseAALines": "False",
  "FFlagFixIsCurrentlyVisibleSurfaceGuis": "True",
  "FFlagSurfaceGuiObjectEnabledCheck": "True",
  "FStringPlaceFilter_InterpolationAwareTargetTime": "True;249779150;333368740;444708274;64542766;248207867;171391948;360589910;388599755;163865146;127243303;162537373;6597705;332248116;348681325;196235086;13822889;189707",
  "DFFlagUseR15Character3": "True",
  "DFFlagAllowCustomR15Character": "True",
  "DFFlagFixDoubleJointR15Character": "True",
  "DFFlagFixR15SphereHead": "False",
  "DFFlagUseR15SwimFreestyle": "True",
  "DFFlagFixBodyColorsR15": "True",
  "DFFlagPlayerDescendantsDeleteOnDisconnectOff": "True",
  "DFFlagSpringConstraintInGameAdornFixEnabled": "True",
  "DFFlagDontPrintMalformedUrls": "True",
  "DFFlagUseMultiFormatCharacterAppearanceLoading": "True",
  "FFlagStudioFlycamAppBridgeFix": "True",
  "FFlagAllowCopyUnArchivableObjects": "True",
  "FFlagStudioReduceTeamCreateStuttering": "True",
  "DFFlagPGSSolverUsesIslandizableCode": "True",
  "DFFlagResetScreenGuiEnabled": "True",
  "FFlagGraphicsD3DPointOne": "True",
  "FFlagGraphicsNoMainDepth": "True",
  "FFlagCollectClientIDUpdateStatistics": "True",
  "FFlagStudioFixTestApis": "True",
  "FFlagAllowInsertConstrainedValuesAnywhere": "True",
  "FFlagStudioResizeMeshPartOnImport": "True",
  "FFlagStudioReportVitalParameters": "True",
  "FFlagSoundGroupsAndEffectsEnabled": "True",
  "FFlagSoundscapeReplicateChildren": "True",
  "FFlagLoadCorescriptsPlatformDefMode": "True",
  "FFlagEnableGetHitWhitelist": "True",
  "FFlagStudioUpdatePropertiesWithoutJob": "True",
  "FFlagOverrideTypeFunction": "True",
  "DFFlagEnableBindToClose": "True",
  "FFlagStudioFixUndeletingSoundCausesPlayback": "True",
  "FFlagServerSenderDontSendInterpolatedPhysics": "False",
  "FFlagGraphicsD3D9ComputeIndexRange": "True",
  "FFlagCrashOnScriptCloseFixEnabled": "True",
  "FFlagShowCoreGUIInExplorer": "True",
  "FFlagStudioUseServerConfigurer": "True",
  "FFlagUDim2LerpEnabled": "True",
  "FFlagDisableLayersForNSViewOnEarlyMac": "True",
  "FFlagStudioCorrectForRetinaScreensOnEarlyMac": "True",
  "FFlagStudioConsistentGuiInitalisation": "True",
  "FFlagStudioSanitizeInstancesOnLoad": "True",
  "FFlagStudioOnlyUpdateTeamTestActionsIfChanged": "True",
  "FFlagChatServiceReplicates": "True",
  "DFFlagICMPPingHundrethsPercentage": "100",
  "DFFlagUsePasiveOnlyForBind": "False",
  "DFFlagFavorIPV4Connections": "False",
  "DFFlagUsegetFamilyandMapAddress": "False",
  "FFlagBetterPlaceLauncherStatusHandling": "True",
  "FStringPlaceFilter_NewLayoutAndConstraintsEnabled": "True;534842009;20213796;379132413;485971234;515782100;248207867;360699282;498699944;540764930;534808604;520456996;552894983;551169796;560164377;599021441;609763195;609918169;599392478;614429353;337448601;615210477;606827239;19481228;19827397;26953764;561540866;20397851;626302497;402593749;589006000;461274216;129419469;478459751;460710135;464914388;481987774;610775332;567211827;636396993",
  "FFlagInformClientInsertFiltering": "True",
  "FStringClientInsertFilterMoreInfoUrl": "http://devforum.roblox.com/t/coming-changes-to-insert-service/30327",
  "FFlagSoundChannelOnAncestorChangedUseGameLaunchIntent": "True",
  "DFFlagAllowResetButtonCustomization": "True",
  "FFlagTattletaleFixTextValue": "True",
  "DFIntInfluxTattletaleInstancePathMaxLength": "200",
  "DFFlagFixRetriesExhaustedHandling": "True",
  "DFFlagBetterGetPlayerPlaceInstanceError": "True",
  "DFFlagCharacterScriptsLoadingRefactor": "True",
  "FFlagStudioPropertyWidgetRemoveUpdateEvents": "True",
  "FFlagStudioUserNotificationIgnoreSequenceNumber": "True",
  "FFlagStudioOnlyOneToolboxPreviewAtATime": "True",
  "FFlagStudioFixPauseDuringLoad": "True",
  "DFFlagStudioUseNewActiveToolEffect": "True",
  "FFlagGraphicsD3D11PickAdapter": "True",
  "FFlagChatFilterWorksLocally": "True",
  "FFlagFilterMessageWithCallbackNoTryCatch": "True",
  "FStringPlaceFilter_SetPhysicsToLastRealStateWhenBecomingOwner": "True;13822889;189707",
  "FFlagMetaliOS": "True",
  "FFlagUseNewAppBridgeIOS": "True",
  "FFlagTextBoundRespectTextScaled": "True",
  "FFlagRenderFastResolve": "True",
  "DFFlagLoadingGuiTeleportCrashFix": "True",
  "FFlagPluginSaveSelection": "True",
  "FFlagHandleSoundPreviewWidgetWithNoSelectedSound": "True",
  "FFlagDontSwallowInputForStudioShortcuts": "True",
  "FFlagStudioFireStickyMouseCommandChangedOnly": "True",
  "FFlagStudioDisableEditingCurrentEditor": "True",
  "FFlagFixCorruptionInLogFiles": "True",
  "FFlagStudioLockScriptsWithoutBlocking": "True",
  "FFlagSetPhysicsToLastRealStateWhenBecomingOwner": "True",
  "FFlagInterpolationAwareTargetTime": "True",
  "DFFlagServerSenderDontSendInterpolatedPhysics": "True",
  "FFlagSyncRenderingAndPhysicsInterpolation": "True",
  "DFIntTargetTimeDelayFacctorTenths": "20",
  "FFlagNewIncomingPhysicsManagement": "True",
  "DFFlagGetAssetIdsFromPackageAPI": "True",
  "DFFlagGoodbyeChoiceActiveProperty": "True",
  "FFlagAllowResizeRenderBufferiOS": "True",
  "FIntEnableAvatarEditoriOS": "100",
  "FIntEnableAvatarEditorAndroid": "1",
  "FIntAvatarEditorAndroidRollout": "1",
  "DFFlagFixScaledR15Physics": "True",
  "DFFlagScaleR15Character": "True",
  "FFlagCorescriptSetCoreChatActiveEnabled": "True",
  "FFlagOnlyShowHealthWhenDamaged": "True",
  "FFlagUserChatPrivacySetting": "True",
  "FFlagCorescriptNewChatSetCoresEnabled": "True"
}