{
  "BetaPlayerLoad": "100",
  "CheckIsStudioOutofDate": "True",
  "CountersFireImmediately": "True",
  "CountersLoad": "0",
  "DFFlagBootstrapperHttpToolsDetectJsonParseError": "True",
  "DFFlagInfluxEscapeSlashes": "True",
  "DFFlagMacBootstrapperDetectJsonParseError": "True",
  "DFFlagNewInfluxDb": "True",
  "DFStringHttpInfluxDatabase": "roblox_bootstrapper",
  "DeprecatePropertyTree": "True",
  "DeprecatedOSXMinorVersion": "6",
  "EnabledWebRedirect": "True",
  "ExeVersion": "0.1.0.2",
  "FFlagBetterErrorReporting": "True",
  "FFlagChromefixOnlyIfFound": "True",
  "FFlagChromefixOpenDefaultPreferences": "True",
  "FFlagChromefixOpenFileUnicode": "True",
  "FFlagChromefixSkipLocalState": "True",
  "FFlagChromefixStrictMatch": "True",
  "FFlagDisableUninstallUpdateTask": "True",
  "FFlagDontInstallProxyPlugins": "True",
  "FFlagDontInstallProxyPluginsMac": "True",
  "FFlagDontPatchBootstrapperInfluxFlags": "True",
  "FFlagIncludeTranslationsFolder": "True",
  "FFlagIncludeTranslationsFolderStudio": "True",
  "FFlagJoinTimeCounters": "False",
  "FFlagMacUseNewVersionFetch4": "True",
  "FFlagRelaunchAfterInstallPassUrlString": "True",
  "FFlagThrowLastErrorAlwaysThrow": "True",
  "FFlagUninstallProxyPluginsOnInstall": "True",
  "FFlagUninstallProxyPluginsOnInstallMac": "True",
  "FFlagUseCountryCodesForAnalyticsLocation": "True",
  "FFlagUseNewVersionFetch4": "True",
  "FFlagUseNewVersionFetchFixed2": "False",
  "FIntInfluxReportExceptionPermyriad": "10000",
  "ForceSilentMode": "False",
  "GoogleAnalyticsAccountPropertyID": "UA-43420590-16",
  "GuidVersion": "a4781a8a67bb4885",
  "HardcodeCdnHost": "False",
  "InfluxDatabase": "roblox_bootstrapper",
  "InfluxHundredthsPercentage": "0",
  "InfluxInstallHundredthsPercentage": "10000",
  "IsPreDeployOn": "False",
  "LaunchWithLegacyFlagEnabled": "100",
  "NeedInstallBgTask": "False",
  "NeedRunBgTask": "False",
  "PerModeLoggingEnabled": "True",
  "PreVersion": "",
  "ReplaceCdnTxt": "True",
  "ReplaceStaticCdnHost": "True",
  "ShowInstallSuccessPrompt": "True",
  "UseCdn": "True",
  "UseFastStartup": "True",
  "UseNewCdn": "True",
  "UseNewDeprecatedOSXCheck": "True",
  "UseNewInfluxBootstrapper": "True",
  "UseRelaunchEmptyArgs": "True",
  "ValidateInstalledExeVersion": "True"
}