{
    "NeedInstallBgTask": "False",
    "NeedRunBgTask": "False",
    "IsPreDeployOn": "False",
    "PreVersion": "",
    "ForceSilentMode": "False",
    "CountersLoad": "100",
    "EnabledWebRedirect": "False",
    "LaunchWithLegacyFlagEnabled": "100",
    "BetaPlayerLoad": "100",
    "CountersFireImmediately": "True",
    "GoogleAnalyticsAccountPropertyID": "UA-43420590-16",
    "ExeVersion": "0.0.0.1",
    "ValidateInstalledExeVersion": "False",
    "UseNewCdn": "False",
    "UseFastStartup": "True",
    "CheckIsStudioOutofDate": "False",
    "ShowInstallSuccessPrompt": "True",
    "InfluxDatabase": "roblox_bootstrapper",
    "InfluxHundredthsPercentage": "0",
    "InfluxInstallHundredthsPercentage": "10000",
    "ReplaceCdnTxt": "True",
    "GuidVersion": "a4781a8a67eb48f85",
    "ReplaceStaticCdnHost": "False",
    "HardcodeCdnHost": "False",
    "UseNewInfluxBootstrapper": "True",
    "PerModeLoggingEnabled": "True",
    "UseCdn": "True",
    "UseNewDeprecatedOSXCheck": "True",
    "DeprecatedOSXMinorVersion": "6",
    "UseRelaunchEmptyArgs": "True",
    "DFFlagInfluxEscapeSlashes": "True",
    "DFStringHttpInfluxDatabase": "roblox_bootstrapper",
    "FFlagDontPatchBootstrapperInfluxFlags": "True",
    "DeprecatePropertyTree": "True",
    "FFlagJoinTimeCounters": "True",
    "FFlagDisableUninstallUpdateTask": "True",
    "FFlagDontInstallProxyPlugins": "True",
    "FFlagUninstallProxyPluginsOnInstall": "True",
    "FFlagUseNewVersionFetchFixed2": "False",
    "FFlagDontInstallProxyPluginsMac": "True",
    "FFlagUninstallProxyPluginsOnInstallMac": "True",
    "FFlagUseCountryCodesForAnalyticsLocation": "True",
    "FFlagChromefixStrictMatch": "True",
    "FFlagChromefixOnlyIfFound": "True",
    "FFlagChromefixOpenFileUnicode": "True",
    "FFlagChromefixSkipLocalState": "True",
    "FFlagChromefixOpenDefaultPreferences": "True",
    "FFlagIncludeTranslationsFolder": "True",
    "FFlagIncludeTranslationsFolderStudio": "True",
    "FFlagBetterErrorReporting": "True",
    "FIntInfluxReportExceptionPermyriad": "10000",
    "DFFlagNewInfluxDb": "True",
    "FFlagUseNewVersionFetch4": "True",
    "FFlagThrowLastErrorAlwaysThrow": "True",
    "DFFlagBootstrapperHttpToolsDetectJsonParseError": "True",
    "DFFlagMacBootstrapperDetectJsonParseError": "True",
    "FFlagRelaunchAfterInstallPassUrlString": "True",
    "FFlagMacUseNewVersionFetch4": "True"
  }